target,source,engineCategory,editorialCategory,relationship,strength,drift,scoreDelta,dominantSignal,suggestedFix
"Iron Man 2","Iron Man",must_watch,must_watch,direct-sequel,required,0,0,none,""
"The Avengers","Iron Man",must_watch,must_watch,character-origin,required,0,0,none,""
"The Avengers","Iron Man 2",must_watch,must_watch,character-development,required,0,0,none,""
"The Avengers","Captain America: The First Avenger",must_watch,must_watch,character-origin,required,0,0,none,""
"The Avengers","Thor",must_watch,must_watch,story-continuation,required,0,0,none,""
"The Avengers","The Incredible Hulk",optional,recommended,character-origin,strong,1,0,none,"Increase overall scoring by ~0.0pts for this relationship/strength combination."
"Iron Man 3","Iron Man",must_watch,must_watch,direct-sequel,required,0,0,none,""
"Iron Man 3","Iron Man 2",must_watch,must_watch,direct-sequel,required,0,0,none,""
"Iron Man 3","The Avengers",must_watch,must_watch,story-continuation,required,0,0,none,""
"Thor: The Dark World","Thor",must_watch,must_watch,direct-sequel,required,0,0,none,""
"Thor: The Dark World","The Avengers",optional,recommended,story-continuation,strong,1,0,none,"Increase overall scoring by ~0.0pts for this relationship/strength combination."
"Captain America: The Winter Soldier","Captain America: The First Avenger",must_watch,must_watch,direct-sequel,required,0,0,none,""
"Captain America: The Winter Soldier","The Avengers",must_watch,must_watch,story-continuation,required,0,0,none,""
"Captain America: The Winter Soldier","Iron Man 2",optional,safe_to_skip,character-origin,weak,2,56.5,edgeStrength,"Reduce edge strength weight for 'weak' by ~56.5pts."
"Avengers: Age of Ultron","The Avengers",must_watch,must_watch,direct-sequel,required,0,0,none,""
"Avengers: Age of Ultron","Captain America: The Winter Soldier",recommended,recommended,story-continuation,strong,0,0,none,""
"Avengers: Age of Ultron","Iron Man 3",recommended,recommended,character-development,strong,0,0,none,""
"Avengers: Age of Ultron","Iron Man",recommended,optional,character-origin,strong,1,0,none,"Increase overall scoring by ~0.0pts for this relationship/strength combination."
"Avengers: Age of Ultron","Captain America: The First Avenger",optional,optional,character-origin,strong,0,0,none,""
"Avengers: Age of Ultron","Iron Man 2",optional,optional,character-development,moderate,0,0,none,""
"Avengers: Age of Ultron","Thor: The Dark World",optional,recommended,shared-object,strong,1,0,none,"Increase overall scoring by ~0.0pts for this relationship/strength combination."
"Avengers: Age of Ultron","The Incredible Hulk",optional,optional,character-origin,moderate,0,0,none,""
"Captain America: Civil War","Captain America: The Winter Soldier",must_watch,must_watch,direct-sequel,required,0,0,none,""
"Captain America: Civil War","Avengers: Age of Ultron",must_watch,must_watch,story-continuation,required,0,0,none,""
"Captain America: Civil War","Captain America: The First Avenger",recommended,recommended,character-origin,strong,0,0,none,""
"Captain America: Civil War","The Avengers",recommended,optional,story-continuation,moderate,1,0,none,"Increase overall scoring by ~0.0pts for this relationship/strength combination."
"Captain America: Civil War","Iron Man",recommended,recommended,character-origin,strong,0,0,none,""
"Captain America: Civil War","Ant-Man",optional,recommended,character-development,strong,1,0,none,"Increase overall scoring by ~0.0pts for this relationship/strength combination."
"Captain America: Civil War","Iron Man 3",optional,optional,character-development,strong,0,0,none,""
"Captain America: Civil War","Iron Man 2",optional,optional,character-development,moderate,0,0,none,""
"Captain America: Civil War","Thor",optional,optional,character-origin,moderate,0,0,none,""
"Guardians of the Galaxy Vol. 2","Guardians of the Galaxy",must_watch,must_watch,direct-sequel,required,0,0,none,""
"Spider-Man: Homecoming","Captain America: Civil War",must_watch,must_watch,character-origin,required,0,0,none,""
"Spider-Man: Homecoming","Iron Man 2",recommended,recommended,character-development,strong,0,0,none,""
"Spider-Man: Homecoming","The Avengers",optional,recommended,world-building,strong,1,0,none,"Increase overall scoring by ~0.0pts for this relationship/strength combination."
"Spider-Man: Homecoming","Avengers: Age of Ultron",optional,optional,story-continuation,moderate,0,0,none,""
"Spider-Man: Homecoming","Iron Man 3",optional,optional,character-development,strong,0,0,none,""
"Spider-Man: Homecoming","Iron Man",optional,optional,character-development,moderate,0,0,none,""
"Thor: Ragnarok","Thor",must_watch,must_watch,direct-sequel,required,0,0,none,""
"Thor: Ragnarok","Thor: The Dark World",must_watch,must_watch,direct-sequel,required,0,0,none,""
"Thor: Ragnarok","Avengers: Age of Ultron",recommended,recommended,story-continuation,strong,0,0,none,""
"Thor: Ragnarok","The Avengers",optional,optional,story-continuation,strong,0,0,none,""
"Black Panther","Captain America: Civil War",must_watch,must_watch,story-continuation,required,0,0,none,""
"Black Panther","Avengers: Age of Ultron",optional,optional,character-development,strong,0,0,none,""
"Black Panther","Captain America: The Winter Soldier",post_credit,post_credit,post-credit,moderate,0,0,none,""
"Ant-Man and the Wasp","Ant-Man",must_watch,must_watch,direct-sequel,required,0,0,none,""
"Ant-Man and the Wasp","Captain America: Civil War",must_watch,must_watch,story-continuation,required,0,0,none,""
"Ant-Man and the Wasp","Avengers: Infinity War",optional,recommended,shared-event,strong,1,0,none,"Increase overall scoring by ~0.0pts for this relationship/strength combination."
"Ant-Man and the Wasp","Avengers: Age of Ultron",optional,optional,character-development,moderate,0,0,none,""
"Avengers: Infinity War","Captain America: Civil War",must_watch,must_watch,story-continuation,required,0,0,none,""
"Avengers: Infinity War","Thor: Ragnarok",must_watch,must_watch,direct-sequel,required,0,0,none,""
"Avengers: Infinity War","Avengers: Age of Ultron",recommended,recommended,shared-object,strong,0,0,none,""
"Avengers: Infinity War","The Avengers",recommended,recommended,character-origin,strong,0,0,none,""
"Avengers: Infinity War","Spider-Man: Homecoming",recommended,recommended,character-development,strong,0,0,none,""
"Avengers: Infinity War","Iron Man 2",recommended,recommended,character-development,strong,0,0,none,""
"Avengers: Infinity War","Iron Man 3",recommended,recommended,character-development,strong,0,0,none,""
"Avengers: Infinity War","Guardians of the Galaxy",optional,optional,character-origin,strong,0,0,none,""
"Avengers: Infinity War","Doctor Strange",optional,optional,character-origin,strong,0,0,none,""
"Avengers: Infinity War","Captain America: The First Avenger",optional,optional,character-origin,strong,0,0,none,""
"Avengers: Infinity War","Guardians of the Galaxy Vol. 2",optional,optional,character-development,strong,0,0,none,""
"Avengers: Infinity War","Captain America: The Winter Soldier",optional,optional,same-universe-only,moderate,0,0,none,""
"Avengers: Infinity War","Black Panther",optional,optional,world-building,strong,0,0,none,""
"Avengers: Infinity War","Iron Man",optional,safe_to_skip,same-universe-only,weak,2,50.3,edgeStrength,"Reduce edge strength weight for 'weak' by ~50.3pts."
"Avengers: Endgame","Avengers: Infinity War",must_watch,must_watch,direct-sequel,required,0,0,none,""
"Avengers: Endgame","Ant-Man and the Wasp",must_watch,must_watch,story-continuation,required,0,0,none,""
"Avengers: Endgame","Guardians of the Galaxy",must_watch,must_watch,character-origin,required,0,0,none,""
"Avengers: Endgame","Thor: Ragnarok",must_watch,must_watch,world-building,required,0,0,none,""
"Avengers: Endgame","Captain America: Civil War",recommended,recommended,story-continuation,strong,0,0,none,""
"Avengers: Endgame","Captain America: The Winter Soldier",recommended,recommended,direct-sequel,strong,0,9.8,none,""
"Avengers: Endgame","Iron Man",recommended,recommended,character-origin,strong,0,0,none,""
"Avengers: Endgame","Spider-Man: Homecoming",recommended,recommended,character-development,strong,0,0,none,""
"Avengers: Endgame","Iron Man 2",recommended,recommended,character-development,strong,0,0,none,""
"Avengers: Endgame","Iron Man 3",recommended,recommended,character-development,strong,0,0,none,""
"Avengers: Endgame","Avengers: Age of Ultron",optional,optional,character-development,moderate,0,0,none,""
"Avengers: Endgame","The Avengers",optional,optional,shared-event,moderate,0,0,none,""
"Avengers: Endgame","Captain Marvel",optional,safe_to_skip,character-origin,strong,2,70.8,edgeStrength,"Reduce edge strength weight for 'strong' by ~70.8pts."
"Avengers: Endgame","Captain America: The First Avenger",optional,optional,character-development,moderate,0,0,none,""
"Avengers: Endgame","Doctor Strange",optional,safe_to_skip,world-building,strong,2,61,edgeStrength,"Reduce edge strength weight for 'strong' by ~61.0pts."
"Avengers: Endgame","Thor: The Dark World",optional,optional,shared-object,moderate,0,0,none,""
"Spider-Man: Far From Home","Spider-Man: Homecoming",must_watch,must_watch,direct-sequel,required,0,0,none,""
"Spider-Man: Far From Home","Avengers: Infinity War",recommended,recommended,story-continuation,strong,0,0,none,""
"Spider-Man: Far From Home","Captain America: Civil War",recommended,recommended,character-origin,strong,0,0,none,""
"Spider-Man: Far From Home","Captain Marvel",optional,optional,character-origin,strong,0,0,none,""
"Spider-Man: Far From Home","Avengers: Endgame",optional,optional,story-continuation,strong,0,0,none,""
"Spider-Man: Far From Home","Iron Man",optional,safe_to_skip,character-development,moderate,2,67,edgeStrength,"Reduce edge strength weight for 'moderate' by ~67.0pts."
"WandaVision","Avengers: Infinity War",must_watch,must_watch,story-continuation,required,0,0,none,""
"WandaVision","Avengers: Endgame",must_watch,must_watch,character-development,required,0,0,none,""
"WandaVision","Avengers: Age of Ultron",recommended,recommended,character-origin,strong,0,0,none,""
"WandaVision","Captain America: Civil War",recommended,recommended,character-development,strong,0,0,none,""
"What If...?","Doctor Strange",optional,optional,character-development,moderate,0,0,none,""
"What If...?","Loki",optional,optional,multiverse,moderate,0,0,none,""
"The Falcon and the Winter Soldier","Avengers: Endgame",must_watch,must_watch,direct-sequel,required,0,0,none,""
"The Falcon and the Winter Soldier","Captain America: Civil War",must_watch,must_watch,character-development,required,0,0,none,""
"The Falcon and the Winter Soldier","Captain America: The Winter Soldier",recommended,recommended,character-origin,strong,0,0,none,""
"The Falcon and the Winter Soldier","Ant-Man",optional,optional,character-development,moderate,0,0,none,""
"The Falcon and the Winter Soldier","Avengers: Infinity War",optional,optional,story-continuation,moderate,0,0,none,""
"The Falcon and the Winter Soldier","Black Panther",optional,optional,character-development,strong,0,0,none,""
"The Falcon and the Winter Soldier","Captain America: The First Avenger",optional,optional,world-building,moderate,0,0,none,""
"Loki","Avengers: Endgame",must_watch,must_watch,story-continuation,required,0,0,none,""
"Loki","Thor",recommended,recommended,character-origin,strong,0,0,none,""
"Loki","Thor: Ragnarok",recommended,recommended,character-development,strong,0,0,none,""
"Loki","Thor: The Dark World",recommended,recommended,character-development,strong,0,0,none,""
"Loki","The Avengers",optional,optional,direct-sequel,moderate,0,0,none,""
"Black Widow","Captain America: Civil War",must_watch,must_watch,direct-sequel,required,0,0,none,""
"Black Widow","Iron Man 2",recommended,recommended,character-development,strong,0,0,none,""
"Black Widow","The Avengers",optional,optional,character-origin,moderate,0,0,none,""
"Black Widow","Captain America: The Winter Soldier",optional,optional,character-development,moderate,0,0,none,""
"Black Widow","Avengers: Age of Ultron",optional,optional,character-development,moderate,0,0,none,""
"Black Widow","Black Panther",optional,optional,world-building,moderate,0,0,none,""
"Black Widow","Captain America: The First Avenger",optional,optional,world-building,moderate,0,0,none,""
"Shang-Chi and the Legend of the Ten Rings","Iron Man 3",optional,optional,character-origin,moderate,0,0,none,""
"Shang-Chi and the Legend of the Ten Rings","Iron Man",optional,optional,world-building,moderate,0,0,none,""
"Eternals","Avengers: Endgame",optional,optional,world-building,moderate,0,0,none,""
"Eternals","Guardians of the Galaxy",optional,optional,world-building,moderate,0,0,none,""
"Spider-Man: No Way Home","Spider-Man: Homecoming",must_watch,must_watch,direct-sequel,required,0,0,none,""
"Spider-Man: No Way Home","Spider-Man: Far From Home",must_watch,must_watch,direct-sequel,required,0,0,none,""
"Spider-Man: No Way Home","Avengers: Infinity War",recommended,recommended,story-continuation,strong,0,0,none,""
"Spider-Man: No Way Home","Captain America: Civil War",recommended,recommended,character-origin,strong,0,0,none,""
"Spider-Man: No Way Home","Doctor Strange",optional,recommended,character-development,strong,1,0,none,"Increase overall scoring by ~0.0pts for this relationship/strength combination."
"Spider-Man: No Way Home","Avengers: Endgame",optional,optional,story-continuation,moderate,0,0,none,""
"Doctor Strange in the Multiverse of Madness","Doctor Strange",must_watch,must_watch,direct-sequel,required,0,0,none,""
"Doctor Strange in the Multiverse of Madness","WandaVision",must_watch,must_watch,story-continuation,required,0,0,none,""
"Doctor Strange in the Multiverse of Madness","Avengers: Infinity War",recommended,recommended,story-continuation,strong,0,7.7,none,""
"Doctor Strange in the Multiverse of Madness","Avengers: Age of Ultron",optional,optional,character-origin,strong,0,0,none,""
"Doctor Strange in the Multiverse of Madness","Captain America: Civil War",optional,optional,character-development,strong,0,0,none,""
"Doctor Strange in the Multiverse of Madness","Spider-Man: No Way Home",optional,recommended,story-continuation,strong,1,0,none,"Increase overall scoring by ~0.0pts for this relationship/strength combination."
"Thor: Love and Thunder","Thor: Ragnarok",must_watch,must_watch,direct-sequel,required,0,0,none,""
"Thor: Love and Thunder","Thor",recommended,recommended,direct-sequel,strong,0,0,none,""
"Thor: Love and Thunder","Thor: The Dark World",recommended,recommended,direct-sequel,strong,0,0,none,""
"Thor: Love and Thunder","Avengers: Infinity War",optional,optional,direct-sequel,strong,0,0,none,""
"Thor: Love and Thunder","Avengers: Endgame",optional,optional,story-continuation,strong,0,0,none,""
"Thor: Love and Thunder","The Avengers",optional,optional,direct-sequel,strong,0,0,none,""
"Thor: Love and Thunder","Avengers: Age of Ultron",optional,optional,story-continuation,strong,0,0,none,""
"Black Panther: Wakanda Forever","Black Panther",must_watch,must_watch,direct-sequel,required,0,0,none,""
"Black Panther: Wakanda Forever","Avengers: Endgame",optional,recommended,story-continuation,strong,1,0,none,"Increase overall scoring by ~0.0pts for this relationship/strength combination."
"Black Panther: Wakanda Forever","Avengers: Infinity War",optional,optional,story-continuation,moderate,0,0,none,""
"Black Panther: Wakanda Forever","Captain America: Civil War",optional,optional,character-origin,moderate,0,0,none,""
"Ant-Man and the Wasp: Quantumania","Ant-Man and the Wasp",must_watch,must_watch,direct-sequel,required,0,0,none,""
"Ant-Man and the Wasp: Quantumania","Avengers: Endgame",recommended,recommended,story-continuation,strong,0,0,none,""
"Ant-Man and the Wasp: Quantumania","Ant-Man",recommended,recommended,direct-sequel,strong,0,0,none,""
"Ant-Man and the Wasp: Quantumania","Captain America: Civil War",recommended,recommended,story-continuation,strong,0,0,none,""
"Guardians of the Galaxy Vol. 3","Guardians of the Galaxy",must_watch,must_watch,direct-sequel,required,0,0,none,""
"Guardians of the Galaxy Vol. 3","Guardians of the Galaxy Vol. 2",must_watch,must_watch,direct-sequel,required,0,0,none,""
"Guardians of the Galaxy Vol. 3","The Guardians of the Galaxy Holiday Special",recommended,recommended,character-development,strong,0,0,none,""
"Guardians of the Galaxy Vol. 3","Avengers: Endgame",optional,optional,story-continuation,strong,0,0,none,""
"The Marvels","Captain Marvel",must_watch,must_watch,direct-sequel,required,0,0,none,""
"The Marvels","Ms. Marvel",must_watch,must_watch,direct-sequel,required,0,0,none,""
"The Marvels","WandaVision",recommended,recommended,character-development,strong,0,0,none,""
"The Marvels","Secret Invasion",optional,optional,world-building,moderate,0,0,none,""
"Hawkeye","Avengers: Endgame",must_watch,must_watch,story-continuation,required,0,0,none,""
"Hawkeye","Black Widow",recommended,recommended,character-development,strong,0,0,none,""
"Hawkeye","Captain America: Civil War",recommended,recommended,character-development,strong,0,0,none,""
"Hawkeye","The Avengers",optional,optional,character-origin,moderate,0,0,none,""
"Hawkeye","Thor",optional,optional,character-origin,moderate,0,0,none,""
"Ms. Marvel","Captain Marvel",optional,recommended,character-origin,strong,1,0,none,"Increase overall scoring by ~0.0pts for this relationship/strength combination."
"The Guardians of the Galaxy Holiday Special","Guardians of the Galaxy Vol. 2",must_watch,must_watch,direct-sequel,required,0,0,none,""
"The Guardians of the Galaxy Holiday Special","Guardians of the Galaxy",recommended,recommended,direct-sequel,strong,0,0,none,""
"The Guardians of the Galaxy Holiday Special","Avengers: Endgame",optional,optional,story-continuation,moderate,0,0,none,""
"She-Hulk: Attorney at Law","The Incredible Hulk",optional,optional,character-origin,moderate,0,0,none,""
"She-Hulk: Attorney at Law","Shang-Chi and the Legend of the Ten Rings",optional,optional,character-development,moderate,0,0,none,""
"Secret Invasion","Captain Marvel",must_watch,must_watch,story-continuation,required,0,0,none,""
"Secret Invasion","Spider-Man: Far From Home",recommended,recommended,story-continuation,strong,0,0,none,""
"Secret Invasion","Iron Man",recommended,safe_to_skip,character-origin,strong,3,80.8,edgeStrength,"Reduce edge strength weight for 'strong' by ~80.8pts."
"Secret Invasion","The Avengers",optional,optional,character-origin,moderate,0,0,none,""
"Echo","Hawkeye",must_watch,must_watch,direct-sequel,required,0,0,none,""
"Echo","Daredevil",recommended,recommended,character-development,strong,0,0,none,""
"Echo","Avengers: Endgame",optional,optional,character-development,moderate,0,0,none,""
"Agatha All Along","WandaVision",must_watch,must_watch,direct-sequel,required,0,0,none,""
"Agatha All Along","Doctor Strange in the Multiverse of Madness",optional,optional,story-continuation,strong,0,0,none,""
"Agatha All Along","Avengers: Age of Ultron",optional,optional,character-origin,moderate,0,0,none,""
"Captain America: Brave New World","The Falcon and the Winter Soldier",must_watch,must_watch,direct-sequel,required,0,0,none,""
"Captain America: Brave New World","Captain America: Civil War",recommended,recommended,story-continuation,strong,0,0,none,""
"Captain America: Brave New World","Captain America: The Winter Soldier",recommended,recommended,character-origin,strong,0,0,none,""
"Captain America: Brave New World","Ant-Man",recommended,recommended,character-development,strong,0,0,none,""
"Captain America: Brave New World","The Incredible Hulk",optional,optional,character-origin,moderate,0,0,none,""
"Captain America: Brave New World","Eternals",optional,optional,world-building,strong,0,0,none,""
"Daredevil: Born Again","Echo",must_watch,must_watch,story-continuation,required,0,0,none,""
"Daredevil: Born Again","Daredevil",recommended,recommended,character-development,strong,0,0,none,""
"Daredevil: Born Again","Hawkeye",optional,optional,character-development,strong,0,0,none,""
"Daredevil: Born Again","Spider-Man: No Way Home",optional,optional,character-development,moderate,0,0,none,""
"Thunderbolts*","Black Widow",must_watch,must_watch,story-continuation,required,0,0,none,""
"Thunderbolts*","The Falcon and the Winter Soldier",must_watch,must_watch,story-continuation,required,0,0,none,""
"Thunderbolts*","Captain America: Civil War",recommended,recommended,direct-sequel,strong,0,0,none,""
"Thunderbolts*","Captain America: The First Avenger",recommended,recommended,direct-sequel,strong,0,0,none,""
"Thunderbolts*","Captain America: The Winter Soldier",optional,optional,character-origin,strong,0,0,none,""
"Thunderbolts*","Ant-Man and the Wasp",optional,optional,character-origin,strong,0,0,none,""
"Thunderbolts*","Captain America: Brave New World",optional,optional,world-building,moderate,0,0,none,""
"Spider-Man: Brand New Day","Spider-Man: No Way Home",must_watch,must_watch,direct-sequel,required,0,0,none,""
"Spider-Man: Brand New Day","Spider-Man: Far From Home",recommended,recommended,direct-sequel,strong,0,0,none,""
"Spider-Man: Brand New Day","Avengers: Infinity War",recommended,recommended,story-continuation,strong,0,0,none,""
"Spider-Man: Brand New Day","Captain America: Civil War",recommended,recommended,character-origin,strong,0,0,none,""
"Spider-Man: Brand New Day","Daredevil: Born Again",recommended,recommended,character-development,strong,0,0,none,""
"Spider-Man: Brand New Day","Echo",recommended,recommended,story-continuation,strong,0,0,none,""
"Spider-Man: Brand New Day","Spider-Man: Homecoming",optional,optional,character-origin,moderate,0,0,none,""
"Spider-Man: Brand New Day","Daredevil",optional,optional,character-development,moderate,0,0,none,""
"Avengers: Secret Wars","Avengers: Doomsday",must_watch,must_watch,direct-sequel,required,0,0,none,""
"Avengers: Secret Wars","Loki",must_watch,must_watch,story-continuation,required,0,0,none,""
"Avengers: Secret Wars","Thor",optional,optional,character-origin,strong,0,0,none,""
"Avengers: Secret Wars","Thor: Ragnarok",optional,optional,character-development,strong,0,0,none,""
"Avengers: Secret Wars","Thor: The Dark World",optional,optional,character-development,strong,0,0,none,""
"Avengers: Secret Wars","Deadpool & Wolverine",optional,optional,multiverse,strong,0,0,none,""
"Avengers: Secret Wars","Doctor Strange in the Multiverse of Madness",optional,optional,multiverse,strong,0,0,none,""
"Deadpool & Wolverine","Deadpool",must_watch,must_watch,direct-sequel,required,0,0,none,""
"Deadpool & Wolverine","Deadpool 2",must_watch,must_watch,direct-sequel,required,0,0,none,""
"Deadpool & Wolverine","Logan",must_watch,must_watch,character-development,required,0,0,none,""
"Deadpool & Wolverine","Loki",optional,recommended,organization,strong,1,0,none,"Increase overall scoring by ~0.0pts for this relationship/strength combination."
"Deadpool & Wolverine","X-Men: Days of Future Past",optional,optional,multiverse,moderate,0,0,none,""
"Batman v Superman: Dawn of Justice","Man of Steel",must_watch,must_watch,direct-sequel,required,0,0,none,""
"Justice League","Batman v Superman: Dawn of Justice",must_watch,must_watch,story-continuation,required,0,0,none,""
"Zack Snyder's Justice League","Batman v Superman: Dawn of Justice",must_watch,must_watch,story-continuation,required,0,0,none,""
"Peacemaker","The Suicide Squad",must_watch,must_watch,direct-sequel,required,0,0,none,""
"The Penguin","The Batman",must_watch,must_watch,direct-sequel,required,0,0,none,""
"The Batman Part II","The Batman",must_watch,must_watch,direct-sequel,required,0,0,none,""
"Joker: Folie à Deux","Joker",must_watch,must_watch,direct-sequel,required,0,0,none,""
"Lanterns","Superman",optional,optional,world-building,strong,0,0,none,""
"Star Wars: Episode V - The Empire Strikes Back","Star Wars: Episode IV - A New Hope",must_watch,must_watch,direct-sequel,required,0,0,none,""
"Star Wars: Episode VI - Return of the Jedi","Star Wars: Episode V - The Empire Strikes Back",must_watch,must_watch,direct-sequel,required,0,0,none,""
"Star Wars: Episode VI - Return of the Jedi","Star Wars: Episode IV - A New Hope",recommended,recommended,direct-sequel,strong,0,0,none,""
"Star Wars: Episode II - Attack of the Clones","Star Wars: Episode I - The Phantom Menace",must_watch,must_watch,direct-sequel,required,0,0,none,""
"Star Wars: Episode III - Revenge of the Sith","Star Wars: Episode II - Attack of the Clones",must_watch,must_watch,direct-sequel,required,0,0,none,""
"Star Wars: Episode III - Revenge of the Sith","Star Wars: Episode I - The Phantom Menace",recommended,recommended,direct-sequel,strong,0,0,none,""
"Rogue One: A Star Wars Story","Star Wars: Episode III - Revenge of the Sith",optional,optional,world-building,strong,0,0,none,""
"The Book of Boba Fett","The Mandalorian",must_watch,must_watch,story-continuation,required,0,0,none,""
"Ahsoka","The Mandalorian",recommended,recommended,story-continuation,strong,0,0,none,""
"Ahsoka","The Book of Boba Fett",optional,optional,story-continuation,strong,0,0,none,""
"The Mandalorian & Grogu","The Mandalorian",must_watch,must_watch,direct-sequel,required,0,0,none,""
"Star Wars: The Force Awakens","Star Wars: Episode VI - Return of the Jedi",must_watch,must_watch,story-continuation,required,0,0,none,""
"Star Wars: The Last Jedi","Star Wars: The Force Awakens",must_watch,must_watch,direct-sequel,required,0,0,none,""
"Star Wars: The Rise of Skywalker","Star Wars: The Last Jedi",must_watch,must_watch,direct-sequel,required,0,0,none,""
"Star Wars: The Rise of Skywalker","Star Wars: The Force Awakens",recommended,recommended,direct-sequel,strong,0,0,none,""
"Harry Potter and the Chamber of Secrets","Harry Potter and the Philosopher's Stone",must_watch,must_watch,direct-sequel,required,0,0,none,""
"Harry Potter and the Prisoner of Azkaban","Harry Potter and the Chamber of Secrets",must_watch,must_watch,direct-sequel,required,0,0,none,""
"Harry Potter and the Prisoner of Azkaban","Harry Potter and the Philosopher's Stone",recommended,recommended,direct-sequel,strong,0,0,none,""
"Harry Potter and the Goblet of Fire","Harry Potter and the Prisoner of Azkaban",must_watch,must_watch,direct-sequel,required,0,0,none,""
"Harry Potter and the Goblet of Fire","Harry Potter and the Chamber of Secrets",recommended,recommended,direct-sequel,strong,0,0,none,""
"Harry Potter and the Goblet of Fire","Harry Potter and the Philosopher's Stone",recommended,recommended,direct-sequel,strong,0,0,none,""
"Harry Potter and the Order of the Phoenix","Harry Potter and the Goblet of Fire",must_watch,must_watch,direct-sequel,required,0,0,none,""
"Harry Potter and the Half-Blood Prince","Harry Potter and the Order of the Phoenix",must_watch,must_watch,direct-sequel,required,0,0,none,""
"Harry Potter and the Half-Blood Prince","Harry Potter and the Goblet of Fire",recommended,recommended,direct-sequel,strong,0,0,none,""
"Harry Potter and the Half-Blood Prince","Harry Potter and the Prisoner of Azkaban",recommended,recommended,direct-sequel,strong,0,0,none,""
"Harry Potter and the Half-Blood Prince","Harry Potter and the Chamber of Secrets",recommended,recommended,direct-sequel,strong,0,0,none,""
"Harry Potter and the Deathly Hallows: Part 1","Harry Potter and the Half-Blood Prince",must_watch,must_watch,direct-sequel,required,0,0,none,""
"Harry Potter and the Deathly Hallows: Part 2","Harry Potter and the Deathly Hallows: Part 1",must_watch,must_watch,direct-sequel,required,0,0,none,""
"Harry Potter and the Deathly Hallows: Part 2","Harry Potter and the Half-Blood Prince",recommended,recommended,direct-sequel,strong,0,0,none,""
"The Lord of the Rings: The Two Towers","The Lord of the Rings: The Fellowship of the Ring",must_watch,must_watch,direct-sequel,required,0,0,none,""
"The Lord of the Rings: The Return of the King","The Lord of the Rings: The Two Towers",must_watch,must_watch,direct-sequel,required,0,0,none,""
"The Lord of the Rings: The Return of the King","The Lord of the Rings: The Fellowship of the Ring",recommended,recommended,direct-sequel,strong,0,0,none,""
"John Wick: Chapter 2","John Wick",must_watch,must_watch,direct-sequel,required,0,0,none,""
"John Wick: Chapter 3 - Parabellum","John Wick: Chapter 2",must_watch,must_watch,direct-sequel,required,0,0,none,""
"John Wick: Chapter 4","John Wick: Chapter 3 - Parabellum",must_watch,must_watch,direct-sequel,required,0,0,none,""